customer id ,first name,last name ,email address,address,phone number
1,Pipino,Aganoff,pipinoaganoff@gmail.com,Ap #341-9035 Vivamus Ave,(740) 864-8822
2,Quilen,Everz,quileneverz@gmail.com,Ap #448-1698 Ac Rd.,(778) 946-6295
3,Xiaoxiong,Mompart,xiaoxiongmompart@gmail.com,"P.O. Box 880, 3761 Magna. St.",(254) 637-3902
4,Bienvenido,Alcover,bienvenidoalcover@gmail.com,"P.O. Box 313, 202 Ligula. Street",(824) 226-8177
5,Dodie,Steenbock,dodiesteenbock@gmail.com,Ap #283-4575 Porttitor Rd.,(175) 512-5130
6,Yudy,Rousseau,yudyrousseau@gmail.com,"P.O. Box 655, 6985 Tincidunt Road",(990) 592-8106
7,Olguta,Kieswimmer,olgutakieswimmer@gmail.com,961-3570 Ac Road,(216) 679-7332
8,Nima,Arrue,nimaarrue@gmail.com,4478 Ornare Avenue,(235) 662-9283
9,Ramses,Sustrate,ramsessustrate@gmail.com,"9039 Lorem, Street",(642) 788-6091
10,Felisa,Yartu-Yarto-Yartto,felisayartu-yarto-yartto@gmail.com,5188 Mus. Rd.,(237) 479-0598
11,Ouida,Jupanenko,ouidajupanenko@gmail.com,Ap #844-3396 Non Avenue,(826) 786-9166
12,Solmira,Telaar,solmiratelaar@gmail.com,"Ap #669-9072 At, Avenue",(316) 503-0555
13,Sergej,Barabash,sergejbarabash@gmail.com,6751 Ipsum. St.,(932) 802-2253
14,Auspicio,Bergjohann,auspiciobergjohann@gmail.com,8538 In Road,(949) 222-1068
15,Younnes,Ehlert,younnesehlert@gmail.com,844-9725 Egestas Street,(810) 790-6026
16,Stoyan,Calano,stoyancalano@gmail.com,"P.O. Box 816, 9707 Vel St.",(904) 234-4793
17,Carolina,Zabalza-Urniza,carolinazabalza-urniza@gmail.com,Ap #844-3396 Non Avenue,(895) 044-4458
18,Celena,Capo,celenacapo@gmail.com,311 Maecenas Avenue,(300) 682-4018
19,Yassa,Klockenbrink,yassaklockenbrink@gmail.com,"P.O. Box 516, 4868 Varius Rd.",(516) 134-5629
20,Elizebeth,Dodd,elizebethdodd@gmail.com,Ap #829-3114 Mauris. Rd.,(810) 154-1964
21,Khadidjetou,Reinbold,khadidjetoureinbold@gmail.com,Ap #859-823 Maecenas St.,(339) 110-7469
22,Crsitina,Perruca,crsitinaperruca@gmail.com,368-6766 Lorem Ave,(777) 732-3239
23,Aldara,Jalybin,aldarajalybin@gmail.com,260-7102 Sit Rd.,(683) 682-0177
24,Ludibia,Conens,ludibiaconens@gmail.com,"P.O. Box 415, 7015 Cubilia Av.",(864) 006-6023
25,Jinjin,Ezcurra,jinjinezcurra@gmail.com,"P.O. Box 816, 9707 Vel St.",(631) 396-9369
26,Armandina,Goercke,armandinagoercke@gmail.com,"P.O. Box 982, 2332 Enim. Road",(427) 586-6977
27,Merien,Knoppke,merienknoppke@gmail.com,Ap #541-993 Dapibus Street,(772) 814-5800
28,Abass,Cleto,abasscleto@gmail.com,982-8017 Donec Av.,(697) 341-8181
29,Lahssan,Agurski,lahssanagurski@gmail.com,Ap #723-7260 Elit Ave,(503) 558-1406
30,Zhixin,Lindenzweig,zhixinlindenzweig@gmail.com,Ap #885-2402 Odio Avenue,(822) 554-0049
31,Trina,Musach,trinamusach@gmail.com,"P.O. Box 166, 7531 Nulla Road",(768) 232-8106
32,Rodolfo,Habermehl,rodolfohabermehl@gmail.com,Ap #819-4627 Mauris. Rd.,(706) 010-9773
33,Wonda,Haizkoeta,wondahaizkoeta@gmail.com,148-2815 Feugiat Rd.,(923) 442-7390
34,Hedwig,Ouchen,hedwigouchen@gmail.com,"Ap #669-9072 At, Avenue",(112) 827-2756
35,Jeroen,Escacena,jeroenescacena@gmail.com,Ap #201-6817 At Rd.,(395) 120-1661
36,Aleh,Abukhoff,alehabukhoff@gmail.com,"P.O. Box 313, 202 Ligula. Street",(826) 786-9166
37,Harjeet,Adabir,harjeetadabir@gmail.com,392-2869 Suspendisse Road,(465) 909-2406
38,Lihua,Meyhofer,lihuameyhofer@gmail.com,"P.O. Box 816, 9707 Vel St.",(951) 496-7586
39,Carolyn,Otal,carolynotal@gmail.com,"Ap #669-9072 At, Avenue",(724) 985-3463
40,Harm,Villarroel,harmvillarroel@gmail.com,Ap #512-4617 Nec St.,(403) 842-5397
41,Bernardino,Onishko,bernardinoonishko@gmail.com,"P.O. Box 177, 1123 Condimentum St.",(112) 554-8818
42,In,Barraqueiro,inbarraqueiro@gmail.com,"Ap #972-5363 Auctor, Rd.",(862) 676-5018
43,Alfonso,Seshadri,alfonsoseshadri@gmail.com,435-7648 Dictum Avenue,(662) 723-2964
44,Adriana,Manso,adrianamanso@gmail.com,"P.O. Box 490, 9327 Fringilla. St.",(871) 927-2674
45,Ney,Mackenhusen,neymackenhusen@gmail.com,Ap #333-4238 Odio. Avenue,(165) 585-1979
46,Nele,Menditegi,nelemenditegi@gmail.com,Ap #283-4575 Porttitor Rd.,(860) 887-3658
47,Abdesselam,Maruri,abdesselammaruri@gmail.com,Ap #859-823 Maecenas St.,(176) 181-3028
48,Hilma,Johannesson,hilmajohannesson@gmail.com,Ap #600-384 Lorem Ave,(819) 941-5410
49,Dusty,Mosteirin,dustymosteirin@gmail.com,Ap #695-9669 Suspendisse Rd.,(476) 272-4619
50,Policarpa,Gorgemanns,policarpagorgemanns@gmail.com,4144 Velit Avenue,(538) 568-2667
51,Karola,Gerdtz,karolagerdtz@gmail.com,"P.O. Box 516, 4868 Varius Rd.",(868) 184-1241
52,Placentina,Kackenmeister,placentinakackenmeister@gmail.com,4144 Velit Avenue,(403) 270-3472
53,Clive,Langhandke,clivelanghandke@gmail.com,"207-4137 Et, Rd.",(424) 435-4297
54,Xinyuan,Atyashkin,xinyuanatyashkin@gmail.com,"Ap #623-8940 Auctor, St.",(894) 895-7329
55,Mabrouka,Senhaji,mabroukasenhaji@gmail.com,6534 Turpis Street,(490) 791-8098
56,Jorge,Reis,jorgereis@gmail.com,7753 Blandit Road,(929) 870-5256
57,Eve,Nehrlich,evenehrlich@gmail.com,112-5243 At Rd.,(260) 390-6279
58,Suzy,Farley,suzyfarley@gmail.com,685-572 Cras Ave,(373) 026-7663
59,Encinar,Torrus,encinartorrus@gmail.com,368-6766 Lorem Ave,(411) 622-5481
60,Tahir,Branchadell,tahirbranchadell@gmail.com,Ap #200-9714 Magna. St.,(935) 272-2362
61,Annemarie,Verdial,annemarieverdial@gmail.com,8395 Nibh Street,(921) 213-0357
62,Ibrain,Yudahin,ibrainyudahin@gmail.com,Ap #249-426 Velit. Rd.,(763) 421-4160
63,Sulayman,Labbe,sulaymanlabbe@gmail.com,"9039 Lorem, Street",(631) 954-8990
64,Rachyd,Lerga,rachydlerga@gmail.com,Ap #200-9714 Magna. St.,(987) 102-8306
65,Eutropia,Reis,eutropiareis@gmail.com,5188 Mus. Rd.,(377) 208-8954
66,Divine,Adames,divineadames@gmail.com,Ap #716-5687 Et Street,(327) 127-9802
67,Sayuri,Pelegero,sayuripelegero@gmail.com,Ap #758-8412 Volutpat. Rd.,(210) 256-2714
68,Iffat,Wituck,iffatwituck@gmail.com,Ap #541-993 Dapibus Street,(636) 990-0249
69,Augustine,Olavo,augustineolavo@gmail.com,Ap #898-5366 Velit Rd.,(921) 545-9204
70,Mansata,Kamburova,mansatakamburova@gmail.com,Ap #456-6937 Metus St.,(623) 765-7240
71,Khatuna,Rabano,khatunarabano@gmail.com,"P.O. Box 160, 173 Et, St.",(822) 114-7250
72,Telma,Dickjurgens,telmadickjurgens@gmail.com,"9039 Lorem, Street",(167) 521-9463
73,Xiuyu,Ourkia,xiuyuourkia@gmail.com,"P.O. Box 880, 3761 Magna. St.",(669) 050-7236
74,Akiko,Turienzo,akikoturienzo@gmail.com,260-7102 Sit Rd.,(898) 472-9717
75,Adriana,Theus,adrianatheus@gmail.com,"P.O. Box 244, 5703 Egestas Ave",(861) 444-2765
76,Suqin,Hilyuk,suqinhilyuk@gmail.com,6751 Ipsum. St.,(399) 703-5167
77,Petri,Staneva,petristaneva@gmail.com,"P.O. Box 415, 7015 Cubilia Av.",(720) 214-7804
78,Maksymilian,Montagne,maksymilianmontagne@gmail.com,877-5970 Vivamus Street,(825) 424-9370
79,Ayad,Betche,ayadbetche@gmail.com,"782-1177 Leo, St.",(274) 937-1721
80,Suresh,Koo,sureshkoo@gmail.com,"P.O. Box 415, 7015 Cubilia Av.",(725) 204-0719
81,Wayne,Beatty,waynebeatty@gmail.com,"P.O. Box 516, 4868 Varius Rd.",(739) 844-2092
82,Jennie,Wengert,jenniewengert@gmail.com,4478 Ornare Avenue,(594) 318-2470
83,Simy,Escobosa,simyescobosa@gmail.com,685-572 Cras Ave,(973) 629-7476
84,Bret,Arinto,bretarinto@gmail.com,148-2815 Feugiat Rd.,(931) 177-2487
85,Jahaira,Jimeno,jahairajimeno@gmail.com,Ap #809-8262 Vitae St.,(826) 490-7808
86,Stefanka,Arazo,stefankaarazo@gmail.com,961-3570 Ac Road,(819) 143-8054
87,Xinxin,Brunat,xinxinbrunat@gmail.com,"P.O. Box 880, 3761 Magna. St.",(895) 304-1617
88,Arhimo,Nausia,arhimonausia@gmail.com,844-9725 Egestas Street,(219) 998-9733
89,Mia,Buce,miabuce@gmail.com,"P.O. Box 166, 7531 Nulla Road",(385) 888-9736
90,Lingzhen,Kannheiser,lingzhenkannheiser@gmail.com,982-8017 Donec Av.,(723) 006-2751
91,Amira,Verhalen,amiraverhalen@gmail.com,Ap #758-8412 Volutpat. Rd.,(669) 929-5275
92,Zaim,Scheimgraber,zaimscheimgraber@gmail.com,311 Maecenas Avenue,(279) 725-6114
93,Magaly,Toba,magalytoba@gmail.com,"P.O. Box 982, 2332 Enim. Road",(713) 608-4529
94,Nacimiento,Mingachos,nacimientomingachos@gmail.com,"Ap #669-9072 At, Avenue",(819) 701-1117
95,Lama,Baulies,lamabaulies@gmail.com,"P.O. Box 490, 9327 Fringilla. St.",(478) 860-4026
96,Zaharie,Olters,zaharieolters@gmail.com,"Ap #972-5363 Auctor, Rd.",(225) 287-6904
97,Aiju,Marshalko,aijumarshalko@gmail.com,Ap #600-384 Lorem Ave,(658) 512-1810
98,Navdeep,Engelke,navdeepengelke@gmail.com,576-7255 Purus Av.,(785) 651-0098
99,Everth,Bakus,everthbakus@gmail.com,1625 Commodo Street,(415) 550-3184
100,Chadya,Iacobini,chadyaiacobini@gmail.com,"207-4137 Et, Rd.",(784) 816-0832
101,Cleusa,Eichberger,cleusaeichberger@gmail.com,8538 In Road,(951) 261-4553
102,Wadie,Avella,wadieavella@gmail.com,9383 Cursus. Av.,(785) 308-1346
103,Taras,Kuerschner,taraskuerschner@gmail.com,Ap #249-426 Velit. Rd.,(170) 451-9154
104,Coronacion,Szydli,coronacionszydli@gmail.com,368-6766 Lorem Ave,(597) 804-5440
105,Jianhui,Aisa,jianhuiaisa@gmail.com,"782-1177 Leo, St.",(674) 163-9004
106,Caroyln,Basabilbeitia,caroylnbasabilbeitia@gmail.com,2186 Enim Road,(237) 479-0598
107,Portia,Payeras,portiapayeras@gmail.com,4478 Ornare Avenue,(320) 242-9445
108,Plautila,Meisel,plautilameisel@gmail.com,Ap #170-9513 Lectus Rd.,(414) 637-8597
109,Hlal,Schauffel,hlalschauffel@gmail.com,Ap #448-1698 Ac Rd.,(238) 288-3675
110,Dusty,Winsch,dustywinsch@gmail.com,576-7255 Purus Av.,(367) 395-1739
111,Natalija,Graeffe,natalijagraeffe@gmail.com,"P.O. Box 816, 9707 Vel St.",(539) 886-6491
112,Irune,Batsev,irunebatsev@gmail.com,Ap #859-823 Maecenas St.,(902) 215-9069
113,Wenceslao,Buchholtzer,wenceslaobuchholtzer@gmail.com,Ap #716-5687 Et Street,(267) 860-1990
